시장,종목명,종목코드,현재가,전일비,등락률,거래량,거래대금,시가총액
코스피,삼성전자,005930,"252,500","4,000",1.61,,,"14,761,853"
코스피,SK하이닉스,000660,"1,749,000","59,000",3.49,,,"12,776,311"
코스피,삼성전자우,005935,"194,000","6,900",3.69,,,"1,556,600"
코스피,SK스퀘어,402340,"1,014,000","14,000",1.40,,,"1,337,709"
코스피,삼성전기,009150,"1,368,000","51,000",3.87,,,"1,021,810"
코스피,LG에너지솔루션,373220,"366,500","1,000",0.27,,,"857,610"
코스피,현대차,005380,"362,000","-5,000",-1.36,,,"741,223"
코스피,삼성바이오로직스,207940,"1,400,000","-12,000",-0.85,,,"648,073"
코스피,KB금융,105560,"176,500",700,0.40,,,"626,024"
코스피,삼성물산,028260,"352,000","5,000",1.44,,,"570,830"
코스피,삼성생명,032830,"283,500","-2,000",-0.70,,,"567,000"
코스피,한화에어로스페이스,012450,"1,051,000","-12,000",-1.13,,,"541,931"
코스피,두산에너빌리티,034020,"84,000","-2,200",-2.55,,,"538,071"
코스피,신한지주,055550,"111,700",-500,-0.45,,,"524,376"
코스피,기아,000270,"120,800","-1,000",-0.82,,,"471,619"
코스피,HD현대중공업,329180,"442,500","-11,000",-2.43,,,"464,453"
코스피,삼성SDI,006400,"542,000","-5,000",-0.91,,,"436,774"
코스피,셀트리온,068270,"177,100",-400,-0.23,,,"411,965"
코스피,SK,034730,"550,000",0,0.00,,,"398,765"
코스피,하나금융지주,086790,"136,900",-700,-0.51,,,"370,958"
코스피,현대모비스,012330,"382,500","-12,000",-3.04,,,"343,564"
코스피,LG전자,066570,"199,500","-2,500",-1.24,,,"324,955"
코스피,NAVER,035420,"201,500","-4,500",-2.18,,,"306,470"
코스피,LS ELECTRIC,010120,"198,400","3,700",1.90,,,"297,600"
코스피,삼성화재,000810,"656,000","-5,000",-0.76,,,"292,887"
코스피,우리금융지주,316140,"36,150",-200,-0.55,,,"266,348"
코스피,효성중공업,298040,"2,788,000","99,000",3.68,,,"259,968"
코스피,POSCO홀딩스,005490,"326,000","-6,000",-1.81,,,"258,327"
코스피,HD현대일렉트릭,267260,"706,000","6,000",0.86,,,"254,493"
코스피,한화오션,042660,"81,700",-700,-0.85,,,"250,340"
코스피,KODEX 200,069500,"106,365","2,090",2.00,,,"247,565"
코스피,고려아연,010130,"1,135,000","-3,000",-0.26,,,"236,908"
코스피,HD한국조선해양,009540,"332,500","-6,500",-1.92,,,"235,321"
코스피,SK이노베이션,096770,"136,500","-5,200",-3.67,,,"230,757"
코스피,두산,000150,"1,386,000","97,000",7.53,,,"224,447"
코스피,한미반도체,042700,"224,500","2,000",0.90,,,"213,976"
코스피,메리츠금융지주,138040,"125,200","-1,300",-1.03,,,"209,519"
코스피,TIGER 미국S&P500,360750,"25,800",175,0.68,,,"204,852"
코스피,한국전력,015760,"31,000",-350,-1.12,,,"199,009"
코스피,HMM,011200,"20,400",-250,-1.21,,,"192,421"
코스피,LG화학,051910,"271,000",-500,-0.18,,,"191,305"
코스피,SK텔레콤,017670,"88,000",0,0.00,,,"189,015"
코스피,삼성중공업,010140,"20,300",-400,-1.93,,,"178,640"
코스피,KT&G,033780,"171,400",600,0.35,,,"177,931"
코스피,미래에셋증권,006800,"31,800",-250,-0.78,,,"172,681"
코스피,HD현대,267250,"218,000","-7,000",-3.11,,,"172,205"
코스피,LG,003550,"112,700","-1,600",-1.40,,,"170,393"
코스피,삼성에스디에스,018260,"217,500","-3,000",-1.36,,,"168,297"
코스피,포스코퓨처엠,003670,"188,300","-1,000",-0.53,,,"167,486"
코스피,S-Oil,010950,"143,700","-5,000",-3.36,,,"161,781"
코스피,기업은행,024110,"20,250",-100,-0.49,,,"161,479"
코스피,현대글로비스,086280,"200,000","-4,500",-2.20,,,"150,000"
코스피,카카오,035720,"33,700",-800,-2.32,,,"149,291"
코스피,LIG디펜스앤에어로스페이스,079550,"665,000","-6,000",-0.89,,,"146,300"
코스피,현대건설,000720,"123,100","-5,000",-3.90,,,"137,079"
코스피,KT,030200,"53,000",0,0.00,,,"133,571"
코스피,에이피알,278470,"351,000","-10,500",-2.90,,,"131,408"
코스피,한화시스템,272210,"69,000",-700,-1.00,,,"130,354"
코스피,현대로템,064350,"119,300","-2,100",-1.73,,,"130,207"
코스피,한국항공우주,047810,"125,700","-3,300",-2.56,,,"122,526"
코스피,DB손해보험,005830,"186,200","-2,500",-1.32,,,"121,962"
코스피,LG이노텍,011070,"511,000","5,000",0.99,,,"120,939"
코스피,TIGER 미국나스닥100,133690,"175,970","1,040",0.59,,,"115,014"
코스피,대한항공,003490,"29,050",-300,-1.02,,,"106,968"
코스피,HD현대마린솔루션,443060,"235,500","3,500",1.51,,,"105,583"
코스피,한국금융지주,071050,"186,800","-4,400",-2.30,,,"104,096"
코스피,GS,078930,"111,400","-3,700",-3.21,,,"103,486"
코스피,KODEX 미국S&P500,379800,"23,455",160,0.69,,,"101,666"
코스피,카카오뱅크,323410,"20,850",-300,-1.42,,,"99,480"
코스피,현대오토에버,307950,"363,000","-7,000",-1.89,,,"99,549"
코스피,삼성E&A,028050,"50,400",-400,-0.79,,,"98,784"
코스피,TIGER 200,102110,"106,600","1,950",1.86,,,"98,445"
코스피,포스코인터내셔널,047050,"55,100",200,0.36,,,"96,933"
코스피,TIGER 반도체TOP10,396500,"35,900","1,270",3.67,,,"95,656"
코스피,삼양식품,003230,"1,260,000","-17,000",-1.33,,,"94,916"
코스피,LS,006260,"301,500","-2,000",-0.66,,,"94,068"
코스피,NH투자증권,005940,"25,450",-400,-1.55,,,"93,963"
코스피,크래프톤,259960,"204,000","-6,500",-3.09,,,"93,326"
코스피,KODEX 미국나스닥100,379810,"26,300",150,0.57,,,"91,182"
코스피,한진칼,180640,"136,200","-1,900",-1.38,,,"90,930"
코스피,KODEX 머니마켓액티브,488770,"105,530",5,0.00,,,"86,331"
코스피,아모레퍼시픽,090430,"144,500",500,0.35,,,"84,522"
코스피,삼성에피스홀딩스,0126Z0,"328,500","-4,500",-1.35,,,"81,741"
코스피,이수페타시스,007660,"107,300","2,700",2.58,,,"78,768"
코스피,삼성증권,016360,"85,700","-1,200",-1.38,,,"76,530"
코스피,대우건설,047040,"18,650",-480,-2.51,,,"76,634"
코스피,코웨이,021240,"107,200","5,700",5.62,,,"75,863"
코스피,KODEX 200TR,278530,"38,510",690,1.82,,,"74,690"
코스피,가온전선,000500,"246,500","6,500",2.71,,,"73,402"
코스피,한화,000880,"137,400",300,0.22,,,"73,274"
코스피,하이브,352820,"169,900","-3,200",-1.85,,,"73,239"
코스피,한국타이어앤테크놀로지,161390,"57,800",-800,-1.37,,,"71,600"
코스피,키움증권,039490,"267,000","-1,500",-0.56,,,"70,030"
코스피,KODEX CD금리액티브(합성),459580,"1,074,855",95,0.01,,,"68,358"
코스피,LG씨엔에스,064400,"69,900","-1,100",-1.55,,,"67,723"
코스피,한화솔루션,009830,"28,500",-50,-0.18,,,"64,094"
코스피,한미약품,128940,"499,500","3,000",0.60,,,"63,991"
코스피,HD건설기계,267270,"133,600",-900,-0.67,,,"63,457"
코스피,LG유플러스,032640,"14,670",-180,-1.21,,,"62,264"
코스피,SK바이오팜,326030,"78,600",500,0.64,,,"61,554"
코스피,JB금융지주,175330,"32,850",650,2.02,,,"61,272"
코스피,현대차2우B,005387,"171,900","-1,800",-1.04,,,"60,103"
코스피,산일전기,062040,"194,900","7,400",3.95,,,"59,723"
코스피,두산밥캣,241560,"61,300","1,300",2.17,,,"58,760"
코스피,KODEX 200타겟위클리커버드콜,498400,"19,820",335,1.72,,,"57,993"
코스피,유한양행,000100,"77,500","-1,800",-2.27,,,"57,052"
코스피,KODEX 반도체,091160,"127,700","5,005",4.08,,,"55,613"
코스피,카카오페이,377300,"40,650","-5,100",-11.15,,,"55,000"
코스피,대한전선,001440,"27,950",50,0.18,,,"54,780"
코스피,DB하이텍,000990,"125,500","8,800",7.54,,,"54,598"
코스피,TIGER 미국필라델피아반도체나스닥,381180,"40,130",660,1.67,,,"54,476"
코스피,KODEX 레버리지,122630,"103,580","3,890",3.90,,,"54,328"
코스피,SOL AI반도체TOP2플러스,0167A0,"17,190",605,3.65,,,"53,702"
코스피,한전기술,052690,"135,700","-8,100",-5.63,,,"51,865"
코스피,삼성카드,029780,"44,450",-800,-1.77,,,"51,499"
코스피,한화생명,088350,"5,840",-130,-2.18,,,"50,722"
코스피,대덕전자,353200,"101,600","4,900",5.07,,,"50,208"
코스피,BNK금융지주,138930,"16,100",60,0.37,,,"49,401"
코스피,맥쿼리인프라,088980,"9,740",-40,-0.41,,,"46,647"
코스피,현대제철,004020,"34,850",-300,-0.85,,,"46,506"
코스피,KODEX 코스닥150,229200,"13,775",90,0.66,,,"46,132"
코스피,엘앤에프,066970,"111,300","-3,400",-2.96,,,"45,282"
코스피,LG생활건강,051900,"300,000","-2,000",-0.66,,,"44,927"
코스피,두산로보틱스,454910,"68,100","-1,400",-2.01,,,"44,142"
코스피,오리온,271560,"111,500","-4,500",-3.88,,,"44,075"
코스피,TIGER MSCI Korea TR,310970,"47,400",880,1.89,,,"43,987"
코스피,NC,036570,"201,000","-3,000",-1.47,,,"43,303"
코스피,RISE 200,148020,"107,110","1,930",1.83,,,"43,272"
코스피,TIGER 미국배당다우존스,458730,"14,820",115,0.78,,,"43,148"
코스피,SKC,011790,"85,700","-1,600",-1.83,,,"42,506"
코스피,LG디스플레이,034220,"8,470",-140,-1.63,,,"42,350"
코스피,현대해상,001450,"48,300",-900,-1.83,,,"41,175"
코스피,RISE 삼성전자SK하이닉스채권혼합50,0162Z0,"13,390",185,1.40,,,"40,518"
코스피,KCC,002380,"467,000","-3,000",-0.64,,,"40,129"
코스피,현대차우,005385,"171,900","-3,600",-2.05,,,"40,123"
코스피,한화엔진,082740,"48,050",250,0.52,,,"40,096"
코스피,ACE KRX금현물,411060,"26,620",365,1.39,,,"39,797"
코스피,ACE 미국S&P500,360200,"26,080",165,0.64,,,"39,355"
코스피,KODEX AI반도체TOP2플러스,395160,"38,915","1,210",3.21,,,"38,876"
코스피,CJ,001040,"130,300","-1,200",-0.91,,,"38,018"
코스피,TIGER 미국테크TOP10 INDXX,381170,"30,580",170,0.56,,,"37,736"
코스피,OCI홀딩스,010060,"201,000","-2,500",-1.23,,,"37,527"
코스피,KODEX KOFR금리액티브(합성),423160,"110,805",10,0.01,,,"36,268"
코스피,한국콜마,161890,"150,300","5,800",4.01,,,"35,478"
코스피,KODEX 종합채권(AA-이상)액티브,273130,"109,380",275,0.25,,,"34,759"
코스피,한미사이언스,008930,"50,800",-800,-1.55,,,"34,743"
코스피,HANARO Fn K-반도체,395270,"55,540","1,845",3.44,,,"34,740"
코스피,TIGER CD금리투자KIS(합성),357870,"58,065",15,0.03,,,"34,730"
코스피,ACE 미국나스닥100,367380,"30,230",165,0.55,,,"34,311"
코스피,한온시스템,018880,"3,325",-45,-1.34,,,"34,123"
코스피,신세계,004170,"361,500","-6,500",-1.77,,,"34,144"
코스피,DL이앤씨,375500,"87,100","-2,300",-2.57,,,"33,702"
코스피,롯데쇼핑,023530,"119,100","3,800",3.30,,,"33,692"
코스피,두산퓨얼셀,336260,"51,400",-200,-0.39,,,"33,664"
코스피,일진전기,103590,"70,000","1,600",2.34,,,"33,380"
코스피,한국가스공사,036460,"36,100",-800,-2.17,,,"33,325"
코스피,KODEX 삼성그룹,102780,"25,455",220,0.87,,,"32,582"
코스피,KODEX 코스닥150레버리지,233740,"6,625",70,1.07,,,"32,231"
코스피,포스코DX,022100,"21,150",-500,-2.31,,,"32,155"
코스피,영원무역,111770,"72,100",200,0.28,,,"31,949"
코스피,코스맥스,192820,"280,500","7,500",2.75,,,"31,835"
코스피,TIGER 머니마켓액티브,0043B0,"103,670",10,0.01,,,"31,619"
코스피,GS건설,006360,"36,750","-1,050",-2.78,,,"31,451"
코스피,에스원,012750,"82,400","-1,800",-2.14,,,"31,311"
코스피,RISE 머니마켓액티브,455890,"55,545",10,0.02,,,"31,277"
코스피,강원랜드,035250,"14,560",-170,-1.15,,,"31,150"
코스피,팬오션,028670,"5,790",110,1.94,,,"30,952"
코스피,KODEX AI전력핵심설비,487240,"35,240",670,1.94,,,"30,835"
코스피,금호석유화학,011780,"121,100","-1,500",-1.22,,,"30,466"
코스피,서울보증보험,031210,"42,350",-600,-1.40,,,"29,569"
코스피,iM금융지주,139130,"18,440",140,0.77,,,"29,202"
코스피,현대엘리베이터,017800,"73,000",-100,-0.14,,,"28,537"
코스피,SK바이오사이언스,302440,"36,200",-550,-1.50,,,"28,401"
코스피,넷마블,251270,"34,100","-1,050",-2.99,,,"28,357"
코스피,롯데케미칼,011170,"64,300",-100,-0.16,,,"27,505"
코스피,DN오토모티브,007340,"46,050",450,0.99,,,"26,944"
코스피,코리안리,003690,"15,170",150,1.00,,,"26,809"
코스피,CJ제일제당,097950,"176,800","-1,400",-0.79,,,"26,616"
코스피,효성,004800,"158,300","4,600",2.99,,,"26,500"
코스피,TIGER 200 IT,139260,"134,365","3,465",2.65,,,"26,174"
코스피,미래에셋생명,085620,"19,350",70,0.36,,,"26,157"
코스피,F&F,383220,"66,800",-500,-0.74,,,"25,589"
코스피,동서,026960,"25,450",0,0.00,,,"25,374"
코스피,KODEX CD1년금리플러스액티브(합성),481050,"1,023,035",95,0.01,,,"25,133"
코스피,에코프로머티,450080,"35,450",-550,-1.53,,,"25,104"
코스피,롯데지주,004990,"25,000",50,0.20,,,"24,916"
코스피,한올바이오파마,009420,"47,600","-1,000",-2.06,,,"24,867"
코스피,BGF리테일,282330,"141,500",-300,-0.21,,,"24,457"
코스피,TIGER 미국나스닥100타겟데일리커버드콜,486290,"10,235",50,0.49,,,"24,390"
코스피,TIME 미국나스닥100액티브,426030,"44,490",370,0.84,,,"24,363"
코스피,농심,004370,"398,000","-10,500",-2.57,,,"24,209"
코스피,TIGER 배당커버드콜액티브,472150,"19,990",355,1.81,,,"24,198"
코스피,현대지에프홀딩스,005440,"13,110",-450,-3.32,,,"24,043"
코스피,PLUS 고배당주,161510,"25,055",-235,-0.93,,,"23,933"
코스피,TIGER KOFR금리액티브(합성),449170,"111,890",15,0.01,,,"23,853"
코스피,신영증권,001720,"143,000","-3,200",-2.19,,,"23,509"
코스피,에스엘,005850,"50,100",-600,-1.18,,,"23,271"
코스피,KODEX MSCI Korea TR,278540,"37,840",580,1.56,,,"23,158"
코스피,한국앤컴퍼니,000240,"24,200",0,0.00,,,"22,974"
코스피,한솔케미칼,014680,"211,500","8,500",4.19,,,"22,829"
코스피,HL만도,204320,"48,450",-150,-0.31,,,"22,751"
코스피,한화비전,489790,"44,700",250,0.56,,,"22,568"
코스피,케이뱅크,279570,"5,550",-70,-1.25,,,"22,516"
코스피,SK가스,018670,"239,500",-500,-0.21,,,"22,200"
코스피,씨에스윈드,112610,"52,300",-700,-1.32,,,"22,056"
코스피,RISE 종합채권(A-이상)액티브,385540,"102,415",220,0.22,,,"21,965"
코스피,KODEX SK하이닉스단일종목레버리지,0193T0,"10,685",845,8.59,,,"21,955"
코스피,영원무역홀딩스,009970,"166,600","-1,900",-1.13,,,"21,581"
코스피,풍산,103140,"76,600",500,0.66,,,"21,467"
코스피,현대백화점,069960,"98,200",0,0.00,,,"21,177"
코스피,한전KPS,051600,"46,650",-950,-2.00,,,"20,993"
코스피,미스토홀딩스,081660,"39,300",200,0.51,,,"20,865"
코스피,롯데에너지머티리얼즈,020150,"38,800","-1,300",-3.24,,,"20,318"
코스피,이마트,139480,"73,400",-800,-1.08,,,"20,255"
코스피,금호타이어,073240,"7,040",-40,-0.56,,,"20,223"
코스피,TIME 글로벌AI인공지능액티브,456600,"56,180",490,0.88,,,"20,247"
코스피,제일기획,030000,"17,580","-1,210",-6.44,,,"20,224"
코스피,아모레퍼시픽홀딩스,002790,"26,350",50,0.19,,,"20,147"
코스피,GS리테일,007070,"24,050",-400,-1.64,,,"20,108"
코스피,달바글로벌,483650,"159,200","-3,900",-2.39,,,"19,941"
코스피,KODEX 200미국채혼합50,284430,"20,420",270,1.34,,,"19,865"
코스피,이수스페셜티케미컬,457190,"64,200",-800,-1.23,,,"19,401"
코스피,시프트업,462870,"31,450",-700,-2.18,,,"18,474"
코스피,KODEX 단기채권PLUS,214980,"114,425",5,0.00,,,"18,398"
코스피,TIGER 코리아TOP10,292150,"37,540",540,1.46,,,"18,188"
코스피,두산우,000155,"446,000","16,500",3.84,,,"17,824"
코스피,KIWOOM 200TR,294400,"139,600","2,545",1.86,,,"17,729"
코스피,NHN,181710,"53,400","-2,000",-3.61,,,"17,490"
코스피,롯데렌탈,089860,"48,000",-400,-0.83,,,"17,429"
코스피,대한조선,439260,"45,450",-550,-1.20,,,"17,311"
코스피,KODEX 2차전지산업,305720,"14,700",-185,-1.24,,,"17,258"
코스피,LS에코에너지,229640,"55,900","6,050",12.14,,,"17,119"
코스피,다우기술,023590,"39,500",-650,-1.62,,,"17,098"
코스피,KODEX 미국배당커버드콜액티브,441640,"12,340",60,0.49,,,"17,029"
코스피,SK이터닉스,475150,"48,850","-1,050",-2.10,,,"16,642"
코스피,HD현대마린엔진,071970,"48,850",-900,-1.81,,,"16,571"
코스피,PLUS 글로벌HBM반도체,442580,"97,095","1,970",2.07,,,"16,458"
코스피,ACE 200,105190,"106,580","1,960",1.87,,,"16,413"
코스피,CJ대한통운,000120,"71,300",-400,-0.56,,,"16,265"
코스피,코오롱인더,120110,"53,800",100,0.19,,,"16,111"
코스피,아시아나항공,020560,"7,820",-60,-0.76,,,"16,108"
코스피,LX인터내셔널,001120,"41,400","1,600",4.02,,,"16,047"
코스피,동원산업,006040,"36,100",-550,-1.50,,,"15,935"
코스피,호텔신라,008770,"40,600",-200,-0.49,,,"15,935"
코스피,HDC,012630,"26,350","-1,600",-5.72,,,"15,742"
코스피,후성,093370,"14,680",-100,-0.68,,,"15,745"
코스피,SK리츠,395400,"5,210",-70,-1.33,,,"15,683"
코스피,IPARK현대산업개발,294870,"23,750",-750,-3.06,,,"15,653"
코스피,RISE 미국나스닥100,368590,"29,325",140,0.48,,,"15,572"
코스피,TIGER 리츠부동산인프라,329200,"4,055",5,0.12,,,"15,555"
코스피,세아베스틸지주,001430,"43,200",-50,-0.12,,,"15,492"
코스피,RISE CD금리액티브(합성),477080,"107,585",10,0.01,,,"15,457"
코스피,메리츠 KIS CD금리투자 ETN,610063,"55,815",10,0.02,,,"15,405"
코스피,KODEX 삼성전자SK하이닉스채권혼합50,0177N0,"14,105",220,1.58,,,"15,078"
코스피,ACE 글로벌반도체TOP4 Plus,446770,"74,675","1,230",1.67,,,"15,010"
코스피,현대위아,011210,"54,900","-1,000",-1.79,,,"14,930"
코스피,삼화콘덴서,001820,"142,900",400,0.28,,,"14,854"
코스피,RISE 미국S&P500,379780,"22,555",145,0.65,,,"14,819"
코스피,삼성 레버리지 WTI원유 선물 ETN,530031,"3,665",90,2.52,,,"14,807"
코스피,오리온홀딩스,001800,"24,400",-50,-0.20,,,"14,678"
코스피,ACE 미국30년국채액티브(H),453850,"7,060",20,0.28,,,"14,650"
코스피,TIGER CD1년금리액티브(합성),475630,"1,077,315",100,0.01,,,"14,639"
코스피,PLUS 200,152100,"107,930","1,980",1.87,,,"14,517"
코스피,녹십자,006280,"122,600","-2,300",-1.84,,,"14,328"
코스피,삼성전기우,009155,"489,000","9,000",1.88,,,"14,215"
코스피,SOL 조선TOP3플러스,466920,"26,830",-530,-1.94,,,"14,153"
코스피,TIGER SK하이닉스단일종목레버리지,0195S0,"9,050",665,7.93,,,"14,118"
코스피,KODEX 미국AI전력핵심인프라,487230,"18,735",230,1.24,,,"14,089"
코스피,KODEX 코스피,226490,"68,840",865,1.27,,,"14,043"
코스피,효성티앤씨,298020,"323,500","-1,500",-0.46,,,"14,000"
코스피,케이씨텍,281820,"70,100","1,200",1.74,,,"13,879"
코스피,코스모신소재,005070,"41,400",150,0.36,,,"13,751"
코스피,TIGER 코스닥150,232080,"14,010",60,0.43,,,"13,635"
코스피,TIGER 반도체,091230,"135,930","5,350",4.10,,,"13,566"
코스피,HD현대에너지솔루션,322000,"120,500","-2,900",-2.35,,,"13,496"
코스피,HJ중공업,097230,"14,900",-270,-1.78,,,"13,454"
코스피,KODEX 삼성전자단일종목레버리지,0193W0,"11,100",485,4.57,,,"13,364"
코스피,미래에셋증권2우B,00680K,"10,480",60,0.58,,,"13,338"
코스피,하나 CD금리투자 ETN,700026,"107,765",0,0.00,,,"12,932"
코스피,SK아이이테크놀로지,361610,"15,800",-750,-4.53,,,"12,922"
코스피,TIGER 단기통안채,157450,"112,635",10,0.01,,,"12,916"
코스피,오뚜기,007310,"321,500","-2,000",-0.62,,,"12,885"
코스피,KB발해인프라,415640,"10,450",-150,-1.42,,,"12,806"
코스피,대신증권,003540,"26,700",-300,-1.11,,,"12,727"
코스피,KODEX 삼성전자채권혼합,448330,"17,105",75,0.44,,,"12,641"
코스피,SK네트웍스,001740,"6,280",-20,-0.32,,,"12,597"
코스피,대웅제약,069620,"108,700","-1,100",-1.00,,,"12,595"
코스피,SOL 종합채권(AA-이상)액티브,436140,"105,620",20,0.02,,,"12,542"
코스피,삼성화재우,000815,"410,000","-2,000",-0.49,,,"12,329"
코스피,ACE 미국S&P500미국채혼합50액티브,438080,"13,830",60,0.44,,,"12,295"
코스피,KODEX 미국반도체,390390,"50,865",750,1.50,,,"12,258"
코스피,코리아써키트,007810,"50,500","1,000",2.02,,,"12,111"
코스피,더블유게임즈,192080,"57,100",-900,-1.55,,,"12,090"
코스피,롯데웰푸드,280360,"130,800","-5,600",-4.11,,,"12,040"
코스피,TIGER KRX금현물,0072R0,"12,750",210,1.67,,,"11,902"
코스피,한일시멘트,300720,"16,030",-320,-1.96,,,"11,789"
코스피,LG전자우,066575,"68,300",-500,-0.73,,,"11,735"
코스피,롯데정밀화학,004000,"45,200",-200,-0.44,,,"11,662"
코스피,교보증권,030610,"10,090",-210,-2.04,,,"11,499"
코스피,DL,000210,"54,600","1,100",2.06,,,"11,442"
코스피,롯데리츠,330590,"3,955",5,0.13,,,"11,429"
코스피,ACE 종합채권(AA-이상)액티브,356540,"100,660",160,0.16,,,"11,271"
코스피,TIGER 미국우주테크,0183J0,"7,315",45,0.62,,,"10,866"
코스피,TIGER 12월자동연장금융채(AA-이상)액티브,0139F0,"102,215",10,0.01,,,"10,812"
코스피,한국카본,017960,"20,900",-250,-1.18,,,"10,800"
코스피,ACE AI반도체TOP3+,469150,"58,050","1,615",2.86,,,"10,739"
코스피,ACE 미국빅테크TOP7 Plus,465580,"23,900",-10,-0.04,,,"10,683"
코스피,하이트진로,000080,"15,080",-40,-0.26,,,"10,576"
코스피,KODEX 로봇액티브,445290,"30,145",-610,-1.98,,,"10,460"
코스피,SOL AI반도체소부장,455850,"24,930",975,4.07,,,"10,421"
코스피,SOL 초단기채권액티브,469830,"54,445",5,0.01,,,"10,397"
코스피,RISE KOFR금리액티브(합성),479520,"106,490",10,0.01,,,"10,337"
코스피,SOL 미국배당다우존스,446720,"13,590",115,0.85,,,"10,328"
코스피,KODEX 미국S&P500(H),449180,"16,975",0,0.00,,,"10,287"
코스피,KODEX 200액티브,494890,"30,590",515,1.71,,,"10,278"
코스피,TIGER 종합채권(AA-이상)액티브,451540,"52,520",75,0.14,,,"10,273"
코스피,TIGER 미국필라델피아AI반도체나스닥,497570,"20,425",245,1.21,,,"10,253"
코스피,태광산업,003240,"908,000","1,000",0.11,,,"10,110"
코스피,KODEX 미국나스닥100데일리커버드콜OTM,494300,"8,790",60,0.69,,,"10,056"
코스피,대원전선,006340,"12,770",50,0.39,,,"10,014"
코스피,KODEX 반도체레버리지,494310,"77,400","5,285",7.33,,,"9,946"
코스피,SOL 200TR,295040,"39,890",745,1.90,,,"9,933"
코스피,키움 CD금리투자 ETN,760009,"107,450",0,0.00,,,"9,907"
코스피,TIGER 코리아AI전력기기TOP3플러스,0117V0,"18,440",435,2.42,,,"9,875"
코스피,한화투자증권,003530,"4,590",-155,-3.27,,,"9,848"
코스피,PLUS K방산,449450,"50,130",-850,-1.67,,,"9,720"
코스피,SK디스커버리,006120,"55,500","-1,400",-2.46,,,"9,665"
코스피,ACE 미국배당다우존스,402970,"15,060",135,0.90,,,"9,653"
코스피,해성디에스,195870,"56,300","8,100",16.80,,,"9,571"
코스피,쿠쿠홀딩스,192400,"26,850",-150,-0.56,,,"9,548"
코스피,KODEX Top5PlusTR,315930,"78,835",825,1.06,,,"9,460"
코스피,한화리츠,451800,"5,260",-30,-0.57,,,"9,447"
코스피,한화손해보험,000370,"8,080",-240,-2.88,,,"9,433"
코스피,롯데관광개발,032350,"11,690",10,0.09,,,"9,320"
코스피,RISE 코리아밸류업,495050,"31,560",245,0.78,,,"9,326"
코스피,SK케미칼,285130,"53,900",-300,-0.55,,,"9,324"
코스피,TIGER 2차전지테마,305540,"18,665",-295,-1.56,,,"9,314"
코스피,NICE평가정보,030190,"15,960",-130,-0.81,,,"9,300"
코스피,ACE 미국나스닥100미국채혼합50액티브,438100,"14,935",85,0.57,,,"9,245"
코스피,한샘,009240,"39,250",250,0.64,,,"9,237"
코스피,KODEX 코스피100,237350,"84,895","1,495",1.79,,,"9,211"
코스피,STX엔진,077970,"22,900",-250,-1.08,,,"9,194"
코스피,대웅,003090,"15,800",-260,-1.62,,,"9,186"
코스피,KODEX 200선물인버스2X,252670,77,-3,-3.75,,,"9,157"
코스피,LG화학우,051915,"119,000","-1,600",-1.33,,,"9,150"
코스피,파라다이스,034230,"9,820",-60,-0.61,,,"9,096"
코스피,TIGER 삼성전자단일종목레버리지,0195R0,"10,035",390,4.04,,,"9,067"
코스피,종근당,185750,"65,600",-300,-0.46,,,"9,055"
코스피,SNT다이내믹스,003570,"27,200",-400,-1.45,,,"9,045"
코스피,CJ CGV,079160,"5,400",-190,-3.40,,,"8,941"
코스피,유안타증권,003470,"4,600",-140,-2.95,,,"8,863"
코스피,디아이,003160,"31,200","1,500",5.05,,,"8,830"
코스피,롯데칠성,005300,"94,900","-1,400",-1.45,,,"8,806"
코스피,삼아알미늄,006110,"57,900","-1,100",-1.86,,,"8,756"
코스피,KODEX 26-12 금융채(AA-이상)액티브,0117L0,"10,170",0,0.00,,,"8,710"
코스피,영풍,000670,"47,250","-3,250",-6.44,,,"8,699"
코스피,1Q 머니마켓액티브,479080,"53,830",5,0.01,,,"8,677"
코스피,KODEX 인버스,114800,"1,029",-21,-2.00,,,"8,663"
코스피,ACE 머니마켓액티브,487340,"106,000",20,0.02,,,"8,600"
코스피,한국금융지주우,071055,"146,300","-1,800",-1.22,,,"8,571"
코스피,TIGER 은행고배당플러스TOP10,466940,"27,400",-150,-0.54,,,"8,563"
코스피,경동나비엔,009450,"58,700",-900,-1.51,,,"8,552"
코스피,지역난방공사,071320,"73,500","-1,100",-1.47,,,"8,510"
코스피,KODEX 미국머니마켓액티브,0048J0,"13,665",90,0.66,,,"8,493"
코스피,KODEX 금융고배당TOP10타겟위클리커버드콜,498410,"11,935",-65,-0.54,,,"8,402"
코스피,세방전지,004490,"60,600",-200,-0.33,,,"8,399"
코스피,TIGER 반도체TOP10커버드콜액티브,0177R0,"11,000",345,3.24,,,"8,360"
코스피,RISE 200위클리커버드콜,475720,"12,415",160,1.31,,,"8,256"
코스피,KODEX 단기채권,153130,"113,135",5,0.00,,,"8,114"
코스피,GS피앤엘,499790,"39,750",-300,-0.75,,,"7,883"
코스피,빙그레,005180,"85,000","-2,100",-2.41,,,"7,879"
코스피,SNT에너지,100840,"38,050","1,450",3.96,,,"7,869"
코스피,TIGER 단기채권액티브,272580,"57,145",-5,-0.01,,,"7,854"
코스피,N2 KIS CD금리투자 ETN,550082,"55,810",0,0.00,,,"7,813"
코스피,TIME Korea플러스배당액티브,441800,"28,330",255,0.91,,,"7,762"
코스피,TIGER TDF2045 적격,0025N0,"11,810",40,0.34,,,"7,741"
코스피,SGC에너지,005090,"53,500","-1,800",-3.25,,,"7,709"
코스피,KIWOOM 200,069660,"106,330","2,010",1.93,,,"7,709"
코스피,ESR켄달스퀘어리츠,365550,"3,120",-35,-1.11,,,"7,678"
코스피,KODEX 은선물(H),144600,"10,475",230,2.24,,,"7,668"
코스피,RISE 미국AI밸류체인데일리고정커버드콜,490590,"13,665",160,1.18,,,"7,652"
코스피,TIGER 미국30년국채커버드콜액티브(H),476550,"6,680",15,0.23,,,"7,558"
코스피,HS효성첨단소재,298050,"168,400",400,0.24,,,"7,544"
코스피,보령,003850,"8,790",200,2.33,,,"7,541"
코스피,SK오션플랜트,100090,"11,990",-160,-1.32,,,"7,491"
코스피,SNT홀딩스,036530,"45,700","-1,000",-2.14,,,"7,451"
코스피,ACE 테슬라밸류체인액티브,457480,"17,895",80,0.45,,,"7,409"
코스피,KODEX 미국30년국채타겟커버드콜(합성 H),481060,"7,250",-10,-0.14,,,"7,399"
코스피,에스디바이오센서,137310,"6,120",-70,-1.13,,,"7,390"
코스피,맵스리얼티,094800,"7,930",240,3.12,,,"7,362"
코스피,KODEX 200커버드콜액티브,0219E0,"8,225",160,1.98,,,"7,345"
코스피,KODEX 2차전지산업레버리지,462330,"1,032",-23,-2.18,,,"7,319"
코스피,이노션,214320,"18,250",-130,-0.71,,,"7,300"
코스피,RISE 단기특수은행채액티브,0061Z0,"51,052",2,0.00,,,"7,231"
코스피,TIGER 미국달러SOFR금리액티브(합성),456610,"59,540",415,0.70,,,"7,069"
코스피,TIGER 2차전지TOP10,364980,"10,285",-120,-1.15,,,"7,045"
코스피,KB KIS CD금리투자 ETN,580058,"53,880",0,0.00,,,"7,004"
코스피,TIGER 미국배당다우존스타겟커버드콜2호,458760,"10,875",100,0.93,,,"6,993"
코스피,파미셀,005690,"11,590",730,6.72,,,"6,954"
코스피,SNT모티브,064960,"26,100",0,0.00,,,"6,927"
코스닥,알테오젠,196170,"255,500","-4,500",-1.73,,,"177,969"
코스닥,에코프로,086520,"82,100","-2,300",-2.73,,,"111,472"
코스닥,에코프로비엠,247540,"104,200","-2,800",-2.62,,,"101,939"
코스닥,주성엔지니어링,036930,"199,700","6,900",3.58,,,"92,823"
코스닥,레인보우로보틱스,277810,"424,000","-9,500",-2.19,,,"82,255"
코스닥,원익IPS,240810,"117,500","9,100",8.39,,,"57,674"
코스닥,이오테크닉스,039030,"462,500","16,000",3.58,,,"56,978"
코스닥,리노공업,058470,"65,900","1,600",2.49,,,"50,224"
코스닥,심텍,222800,"129,100","3,600",2.87,,,"49,025"
코스닥,로보티즈,108490,"308,000","-16,500",-5.08,,,"45,174"
코스닥,HPSP,403870,"53,200","1,300",2.50,,,"43,784"
코스닥,HLB,028300,"31,750",-700,-2.16,,,"42,290"
코스닥,ISC,095340,"189,200","7,600",4.19,,,"40,105"
코스닥,피에스케이,319660,"127,600","9,300",7.86,,,"36,962"
코스닥,삼천당제약,000250,"156,000","-1,500",-0.95,,,"36,594"
코스닥,피에스케이홀딩스,031980,"166,800",-100,-0.06,,,"35,966"
코스닥,파마리서치,214450,"328,000","-9,000",-2.67,,,"34,078"
코스닥,펩트론,087010,"146,200","-4,600",-3.05,,,"34,090"
코스닥,에이비엘바이오,298380,"57,800","-1,500",-2.53,,,"32,361"
코스닥,유진테크,084370,"137,900","9,000",6.98,,,"31,601"
코스닥,리가켐바이오,141080,"82,200","-1,500",-1.79,,,"30,430"
코스닥,티씨케이,064760,"268,000","8,500",3.28,,,"29,961"
코스닥,파두,440110,"59,300","-2,200",-3.58,,,"29,716"
코스닥,휴젤,145020,"229,500","-6,000",-2.55,,,"28,722"
코스닥,실리콘투,257720,"42,800",-850,-1.95,,,"28,067"
코스닥,티에스이,131290,"243,000","1,500",0.62,,,"26,879"
코스닥,테스,095610,"135,700","6,000",4.63,,,"26,272"
코스닥,보로노이,310210,"140,500","-1,000",-0.71,,,"26,026"
코스닥,솔브레인,357780,"331,000","6,000",1.85,,,"25,747"
코스닥,올릭스,226950,"110,400","2,100",1.94,,,"25,117"
코스닥,대한광통신,010170,"16,010","1,870",13.22,,,"24,893"
코스닥,제주반도체,080220,"71,100","2,300",3.34,,,"24,489"
코스닥,현대무벡스,319400,"21,300",-150,-0.70,,,"23,723"
코스닥,하나마이크론,067310,"34,650","1,100",3.28,,,"23,039"
코스닥,서진시스템,178320,"35,650",50,0.14,,,"22,717"
코스닥,우리기술,032820,"12,890",-320,-2.42,,,"22,272"
코스닥,메지온,140410,"72,100","-1,000",-1.37,,,"22,078"
코스닥,케어젠,214370,"41,100",-250,-0.60,,,"22,077"
코스닥,펄어비스,263750,"34,600","-1,100",-3.08,,,"21,744"
코스닥,에스피지,058610,"98,100","-4,700",-4.57,,,"21,756"
코스닥,디앤디파마텍,347850,"46,050",-600,-1.29,,,"21,108"
코스닥,클래시스,214150,"31,900",300,0.95,,,"20,810"
코스닥,동진쎄미켐,005290,"40,500",800,2.02,,,"20,643"
코스닥,에스엠,041510,"86,800",-700,-0.80,,,"19,873"
코스닥,비에이치아이,083650,"63,000","-2,200",-3.37,,,"19,495"
코스닥,원익홀딩스,030530,"25,050",0,0.00,,,"19,348"
코스닥,에스티팜,237690,"89,900",400,0.45,,,"18,768"
코스닥,고영,098460,"27,100",-400,-1.45,,,"18,483"
코스닥,파크시스템스,140860,"252,500","-2,000",-0.79,,,"17,681"
코스닥,셀트리온제약,068760,"38,850",-400,-1.02,,,"17,250"
코스닥,테크윙,089030,"45,500","1,400",3.17,,,"16,859"
코스닥,LS마린솔루션,060370,"32,000",-450,-1.39,,,"16,716"
코스닥,네이처셀,007390,"24,950",100,0.40,,,"16,077"
코스닥,삼현,437730,"49,300","-3,400",-6.45,,,"15,632"
코스닥,두산테스나,131970,"77,900","3,500",4.70,,,"15,056"
코스닥,씨젠,096530,"32,250",0,0.00,,,"15,072"
코스닥,SFA반도체,036540,"8,870",270,3.14,,,"14,588"
코스닥,에임드바이오,0009K0,"22,500",-100,-0.44,,,"14,623"
코스닥,코스메카코리아,241710,"136,300","9,700",7.66,,,"14,557"
코스닥,코미코,183300,"27,750","1,800",6.94,,,"14,253"
코스닥,RFHIC,218410,"52,100","2,750",5.57,,,"13,846"
코스닥,JYP Ent.,035900,"38,800",-350,-0.89,,,"13,787"
코스닥,태성,323280,"44,650",250,0.56,,,"13,635"
코스닥,대주전자재료,078600,"86,800",200,0.23,,,"13,631"
코스닥,브이엠,089970,"51,700","2,800",5.73,,,"13,611"
코스닥,성호전자,043260,"18,490","1,680",9.99,,,"13,578"
코스닥,코오롱티슈진,950160,"15,880",-210,-1.31,,,"13,493"
코스닥,오스코텍,039200,"34,500",-100,-0.29,,,"13,199"
코스닥,기가비스,420770,"104,000","5,300",5.37,,,"13,183"
코스닥,비츠로셀,082920,"27,850","1,150",4.31,,,"12,571"
코스닥,하림지주,003380,"11,220",-20,-0.18,,,"12,567"
코스닥,제이앤티씨,204270,"21,600",300,1.41,,,"12,495"
코스닥,엘앤씨바이오,290650,"45,550","-1,600",-3.39,,,"12,285"
코스닥,제이에스링크,127120,"31,400","1,100",3.63,,,"11,638"
코스닥,HK이노엔,195940,"39,000",-450,-1.14,,,"11,049"
코스닥,오름테라퓨틱,475830,"50,600",100,0.20,,,"10,990"
코스닥,스피어,347700,"20,300",300,1.50,,,"10,465"
코스닥,하나머티리얼즈,166090,"52,900",400,0.76,,,"10,462"
코스닥,카카오게임즈,293490,"9,580",-300,-3.04,,,"10,226"
코스닥,SFA,056190,"28,150",-650,-2.26,,,"10,108"
코스닥,샘씨엔에스,252990,"16,620",310,1.90,,,"10,008"
코스닥,와이씨,232140,"11,790",110,0.94,,,"9,673"
코스닥,동국제약,086450,"20,750",450,2.22,,,"9,385"
코스닥,티엘비,356860,"37,900",650,1.74,,,"8,983"
코스닥,씨어스,458870,"23,100",-400,-1.70,,,"8,858"
코스닥,미래에셋벤처투자,100790,"16,340",320,2.00,,,"8,680"
코스닥,에스앤에스텍,101490,"40,400",800,2.02,,,"8,619"
코스닥,LS머트리얼즈,417200,"12,620",420,3.44,,,"8,538"
코스닥,신성델타테크,065350,"30,950",-250,-0.80,,,"8,506"
코스닥,GST,083450,"46,150",350,0.76,,,"8,505"
코스닥,CJ ENM,035760,"38,600",600,1.58,,,"8,465"
코스닥,성광벤드,014620,"31,850","-1,750",-5.21,,,"8,459"
코스닥,솔브레인홀딩스,036830,"41,150",-500,-1.20,,,"8,437"
코스닥,와이지엔터테인먼트,122870,"44,550",-50,-0.11,,,"8,327"
코스닥,큐리언트,115180,"21,900",50,0.23,,,"8,220"
코스닥,쎄트렉아이,099320,"74,200","2,000",2.77,,,"8,126"
코스닥,큐리옥스바이오시스템즈,445680,"47,150","-1,950",-3.97,,,"8,115"
코스닥,유일로보틱스,388720,"68,500","-1,000",-1.44,,,"8,070"
코스닥,RF머트리얼즈,327260,"44,150","-1,100",-2.43,,,"7,942"
코스닥,에스에이엠티,031330,"7,900",90,1.15,,,"7,900"
코스닥,인바디,041830,"58,400",100,0.17,,,"7,873"
코스닥,지엔씨에너지,119850,"47,450","-1,000",-2.06,,,"7,805"
코스닥,덕산네오룩스,213420,"31,000",250,0.81,,,"7,698"
코스닥,인제니아테라퓨틱스(Reg.S),950260,"15,510",360,2.38,,,"7,669"
코스닥,케이엠더블유,032500,"18,100","2,030",12.63,,,"7,637"
코스닥,펌텍코리아,251970,"60,700","3,000",5.20,,,"7,527"
코스닥,넥슨게임즈,225570,"11,510",-120,-1.03,,,"7,581"
코스닥,다우데이타,032190,"19,760",-440,-2.18,,,"7,568"
코스닥,로보스타,090360,"77,100","-2,100",-2.65,,,"7,517"
코스닥,서부T&D,006730,"11,620",410,3.66,,,"7,469"
코스닥,태웅,044490,"37,200","-1,150",-3.00,,,"7,443"
코스닥,필옵틱스,161580,"31,800",800,2.58,,,"7,455"
코스닥,하이젠알앤엠,160190,"23,900","-1,100",-4.40,,,"7,382"
코스닥,제룡전기,033100,"46,100",400,0.88,,,"7,405"
코스닥,삼표시멘트,038500,"6,840",50,0.74,,,"7,381"
코스닥,코미팜,041960,"9,820",0,0.00,,,"7,328"
코스닥,휴림로봇,090710,"6,100",-40,-0.65,,,"7,293"
코스닥,알지노믹스,476830,"25,900",-800,-3.00,,,"7,266"
코스닥,차바이오텍,085660,"7,820",-130,-1.64,,,"7,270"
코스닥,안랩,053800,"64,300",700,1.10,,,"7,154"
코스닥,원익QnC,074600,"26,950",650,2.47,,,"7,085"
코스닥,선익시스템,171090,"69,500","2,600",3.89,,,"7,039"
코스닥,클로봇,466100,"22,800",-250,-1.08,,,"7,057"
코스닥,인텔리안테크,189300,"65,400","1,800",2.83,,,"7,022"
코스닥,레이크머티리얼즈,281740,"10,610",-270,-2.48,,,"6,974"
코스닥,리브스메드,491000,"27,450","-3,100",-10.15,,,"6,933"
코스닥,티에프이,425420,"56,100","2,600",4.86,,,"6,927"
코스닥,씨엠티엑스,388210,"71,700","1,800",2.58,,,"6,922"
코스닥,피엔티,137400,"28,900",-650,-2.20,,,"6,847"
코스닥,케이아이엔엑스,093320,"138,500","-2,200",-1.56,,,"6,759"
코스닥,아이티센글로벌,124500,"28,700","-1,800",-5.90,,,"6,660"
코스닥,온코닉테라퓨틱스,476060,"14,550",-150,-1.02,,,"6,607"
코스닥,태광,023160,"25,550","-1,750",-6.41,,,"6,609"
코스닥,미코,059090,"19,700",-20,-0.10,,,"6,583"
코스닥,에이치브이엠,295310,"53,000",600,1.15,,,"6,525"
코스닥,현대바이오,048410,"6,720",300,4.67,,,"6,485"
코스닥,피노,033790,"7,800",230,3.04,,,"6,499"
코스닥,스튜디오드래곤,253450,"21,600",-350,-1.59,,,"6,493"
코스닥,인텍플러스,064290,"50,200","4,350",9.49,,,"6,505"
코스닥,예스티,122640,"28,600",250,0.88,,,"6,192"
코스닥,나노신소재,121600,"50,400",-400,-0.79,,,"6,180"
코스닥,루닛,328130,"8,260",-270,-3.17,,,"6,150"
코스닥,이엔에프테크놀로지,102710,"41,300","1,150",2.86,,,"5,901"
코스닥,지아이이노베이션,358570,"8,970",-180,-1.97,,,"5,787"
코스닥,SFA넥셀,222080,"7,490",-80,-1.06,,,"5,826"
코스닥,서울반도체,046890,"9,930",360,3.76,,,"5,790"
코스닥,에프에스티,036810,"26,100",-250,-0.95,,,"5,651"
코스닥,프로텍,053610,"62,200","1,100",1.80,,,"5,598"
코스닥,동운아나텍,094170,"26,750",-300,-1.11,,,"5,593"
코스닥,네패스,033640,"24,200",300,1.26,,,"5,580"
코스닥,쏠리드,050890,"9,140",390,4.46,,,"5,553"
코스닥,지투지바이오,456160,"33,000","-1,500",-4.35,,,"5,488"
코스닥,비나텍,126340,"74,300","9,100",13.96,,,"5,335"
코스닥,코나아이,052400,"36,150","-1,650",-4.37,,,"5,265"
코스닥,네오셈,253590,"11,940",520,4.55,,,"5,238"
코스닥,포스코엠텍,009520,"12,570",-190,-1.49,,,"5,234"
코스닥,NHN KCP,060250,"12,870","-1,220",-8.66,,,"5,169"
코스닥,HLB이노베이션,024850,"16,200",320,2.02,,,"5,144"
코스닥,위메이드,112040,"15,090",-810,-5.09,,,"5,123"
코스닥,인카금융서비스,211050,"10,360",-330,-3.09,,,"5,104"
코스닥,한양이엔지,045100,"29,050",500,1.75,,,"5,084"
코스닥,가비아,079940,"37,300","-2,000",-5.09,,,"5,006"
코스닥,월덱스,101160,"30,300",350,1.17,,,"5,003"
코스닥,에스티큐브,052020,"7,350",-40,-0.54,,,"4,997"
코스닥,세미파이브,490470,"14,600",210,1.46,,,"4,968"
코스닥,빛과전자,069540,"4,390",270,6.55,,,"4,947"
코스닥,메디톡스,086900,"67,800",-900,-1.31,,,"4,948"
코스닥,아난티,025980,"5,080",-90,-1.74,,,"4,943"
코스닥,와이지-원,019210,"13,190",560,4.43,,,"4,906"
코스닥,삼지전자,037460,"30,000",50,0.17,,,"4,896"
코스닥,동성화인텍,033500,"16,240",-20,-0.12,,,"4,870"
코스닥,엑스게이트,356680,"17,020",-530,-3.02,,,"4,858"
코스닥,에이프릴바이오,397030,"17,530",350,2.04,,,"4,831"
코스닥,로킷헬스케어,376900,"27,700","-2,200",-7.36,,,"4,822"
코스닥,덕산하이메탈,077360,"10,580",400,3.93,,,"4,807"
코스닥,서희건설,035890,"2,315",-10,-0.43,,,"4,806"
코스닥,성우하이텍,015750,"5,960",-30,-0.50,,,"4,768"
코스닥,에코프로에이치엔,383310,"22,700",-300,-1.30,,,"4,761"
코스닥,가온칩스,399720,"39,850",350,0.89,,,"4,726"
코스닥,아이센스,099190,"15,950",-310,-1.91,,,"4,717"
코스닥,젬백스,082270,"10,320",-50,-0.48,,,"4,694"
코스닥,한국기업평가,034950,"103,000",-500,-0.48,,,"4,677"
코스닥,타이거일렉,219130,"73,600","8,600",13.23,,,"4,647"
코스닥,현대힘스,460930,"13,100",-50,-0.38,,,"4,652"
코스닥,코세스,089890,"27,750","2,350",9.25,,,"4,602"
코스닥,오킨스전자,080580,"21,750",200,0.93,,,"4,587"
코스닥,천보,278280,"37,350",-150,-0.40,,,"4,577"
코스닥,성일하이텍,365340,"35,200",-500,-1.40,,,"4,548"
코스닥,원텍,336570,"5,010",20,0.40,,,"4,473"
코스닥,엔켐,348370,"20,200",-300,-1.46,,,"4,426"
코스닥,유진로봇,056080,"11,500",-610,-5.04,,,"4,397"
코스닥,티앤엘,340570,"27,000",-200,-0.74,,,"4,339"
코스닥,아이쓰리시스템,214430,"59,100",300,0.51,,,"4,319"
코스닥,페니트리움바이오,187660,"6,740","-1,060",-13.59,,,"4,311"
코스닥,아주IB투자,027360,"3,500",170,5.11,,,"4,240"
코스닥,SOOP,067160,"36,700",-350,-0.94,,,"4,219"
코스닥,마이크로컨텍솔,098120,"50,800",-200,-0.39,,,"4,223"
코스닥,뉴로메카,348340,"17,950",90,0.50,,,"4,202"
코스닥,엑시콘,092870,"32,000","1,500",4.92,,,"4,176"
코스닥,위메이드맥스,101730,"4,960",-40,-0.80,,,"4,157"
코스닥,글로벌텍스프리,204620,"5,890",180,3.15,,,"4,140"
코스닥,우리기술투자,041190,"5,180",-430,-7.66,,,"4,134"
코스닥,디어유,376300,"17,240",-760,-4.22,,,"4,093"
코스닥,파이버프로,368770,"12,510",620,5.21,,,"4,110"
코스닥,원익머트리얼즈,104830,"32,400","1,750",5.71,,,"4,085"
코스닥,한컴,030520,"16,870",-730,-4.15,,,"4,079"
코스닥,컴투스,078340,"33,700",-550,-1.61,,,"4,075"
코스닥,앱클론,174900,"20,400",-300,-1.45,,,"4,070"
코스닥,이녹스첨단소재,272290,"20,400",200,0.99,,,"4,067"
코스닥,브이티,018290,"11,640",140,1.22,,,"4,067"
코스닥,서울바이오시스,092190,"8,780",780,9.75,,,"4,027"
코스닥,뉴파워프라즈마,144960,"9,180",360,4.08,,,"4,011"
코스닥,하이록코리아,013030,"34,050",400,1.19,,,"4,007"
코스닥,한라캐스트,125490,"10,950",-370,-3.27,,,"3,997"
코스닥,국일제지,078130,"3,510",120,3.54,,,"3,957"
코스닥,스카이랩스,386380,"20,950",150,0.72,,,"3,931"
코스닥,한중엔시에스,107640,"43,200","1,300",3.10,,,"3,916"
코스닥,네오위즈,095660,"17,960",-300,-1.64,,,"3,886"
코스닥,PS일렉트로닉스,332570,"8,480",80,0.95,,,"3,896"
코스닥,메카로,241770,"38,000",-750,-1.94,,,"3,873"
코스닥,파인엠텍,441270,"8,910",-320,-3.47,,,"3,760"
코스닥,마키나락스,477850,"21,150",-150,-0.70,,,"3,755"
코스닥,카페24,042000,"15,460",-300,-1.90,,,"3,738"
코스닥,토모큐브,475960,"27,400",550,2.05,,,"3,692"
코스닥,켐트로닉스,089010,"21,950",100,0.46,,,"3,681"
코스닥,코스모로보틱스,439960,"11,120",-190,-1.68,,,"3,609"
코스닥,프로티나,468530,"32,450","3,800",13.26,,,"3,604"
코스닥,노타,486990,"16,840",40,0.24,,,"3,602"
코스닥,나이스정보통신,036800,"7,900",-50,-0.63,,,"3,595"
코스닥,에이스침대,003800,"32,400",0,0.00,,,"3,593"
코스닥,메가스터디교육,215200,"34,650",-100,-0.29,,,"3,592"
코스닥,유니슨,018000,"1,227",8,0.66,,,"3,582"
코스닥,슈프리마,236200,"51,100",200,0.39,,,"3,564"
코스닥,보성파워텍,006910,"7,190",-50,-0.69,,,"3,532"
코스닥,LS증권,078020,"6,360",-170,-2.60,,,"3,529"
코스닥,동화기업,025900,"6,950",-110,-1.56,,,"3,514"
코스닥,네오팜,092730,"21,900",250,1.15,,,"3,510"
코스닥,시노펙스,025320,"3,795",-15,-0.39,,,"3,500"
코스닥,한솔아이원스,114810,"12,310",230,1.90,,,"3,464"
코스닥,웹젠,069080,"11,150",-120,-1.06,,,"3,453"
코스닥,엘티씨,170920,"32,400",-100,-0.31,,,"3,423"
코스닥,메디포스트,078160,"8,670",-30,-0.34,,,"3,399"
코스닥,디케이티,290550,"16,950",-240,-1.40,,,"3,390"
코스닥,감성코퍼레이션,036620,"3,750",0,0.00,,,"3,370"
코스닥,다날,064260,"4,440",-510,-10.30,,,"3,359"
코스닥,엠케이전자,033160,"13,630",930,7.32,,,"3,348"
코스닥,더블유씨피,393890,"9,850",-60,-0.61,,,"3,334"
코스닥,골프존홀딩스,121440,"7,750",-100,-1.27,,,"3,320"
코스닥,저스템,417840,"14,490",70,0.49,,,"3,314"
코스닥,큐로셀,372320,"21,500",-550,-2.49,,,"3,274"
코스닥,인벤티지랩,389470,"24,400",-850,-3.37,,,"3,247"
코스닥,큐렉소,060280,"7,800",-170,-2.13,,,"3,218"
코스닥,넥스틴,348210,"30,700",100,0.33,,,"3,216"
코스닥,사피엔반도체,452430,"38,800","2,100",5.72,,,"3,203"
코스닥,이뮨온시아,424870,"3,505",-10,-0.28,,,"3,204"
코스닥,우리로,046970,"7,250",140,1.97,,,"3,177"
코스닥,에이디테크놀로지,200710,"23,550",400,1.73,,,"3,170"
코스닥,HLB생명과학,067630,"2,600",5,0.19,,,"3,170"
코스닥,오이솔루션,138080,"25,550","1,900",8.03,,,"3,163"
코스닥,한국피아이엠,448900,"51,900","-2,000",-3.71,,,"3,153"
코스닥,매커스,093520,"26,400",-450,-1.68,,,"3,142"
코스닥,제우스,079370,"10,080",0,0.00,,,"3,127"
코스닥,인피니트헬스케어,071200,"12,800",-150,-1.16,,,"3,123"
코스닥,엔젤로보틱스,455900,"20,150",-450,-2.18,,,"3,102"
코스닥,유바이오로직스,206650,"8,390",-10,-0.12,,,"3,084"
코스닥,비츠로넥스텍,488900,"10,600",190,1.83,,,"3,072"
코스닥,상신이디피,091580,"22,950",950,4.32,,,"3,059"
코스닥,한국정보통신,025770,"8,160",-120,-1.45,,,"3,055"
코스닥,신라젠,215600,"2,205",-75,-3.29,,,"3,055"
코스닥,GRT,900290,"3,610",-35,-0.96,,,"3,015"
코스닥,디아이티,110990,"15,870",400,2.59,,,"2,999"
코스닥,이지홀딩스,035810,"4,570",0,0.00,,,"2,948"
코스닥,툴젠,199800,"33,100","1,800",5.75,,,"2,978"
코스닥,아모텍,052710,"15,990",80,0.50,,,"2,987"
코스닥,씨앤씨인터내셔널,352480,"21,700",0,0.00,,,"2,958"
코스닥,에스티아이,039440,"19,020",210,1.12,,,"2,949"
코스닥,한국알콜,017890,"14,220",240,1.72,,,"2,940"
코스닥,펨트론,168360,"13,050",370,2.92,,,"2,922"
코스닥,아스플로,159010,"21,650",0,0.00,,,"2,887"
코스닥,스맥,099440,"4,215",-100,-2.32,,,"2,876"
코스닥,인탑스,049070,"18,240",-280,-1.51,,,"2,871"
코스닥,네패스아크,330860,"23,450",550,2.40,,,"2,857"
코스닥,인화정공,101930,"6,250",-160,-2.50,,,"2,856"
코스닥,폰드그룹,472850,"4,940",-40,-0.80,,,"2,844"
코스닥,휴메딕스,200670,"25,100",100,0.40,,,"2,819"
코스닥,휴온스글로벌,084110,"22,200",0,0.00,,,"2,810"
코스닥,하림,136480,"2,645",-20,-0.75,,,"2,809"
코스닥,AP시스템,265520,"18,620",540,2.99,,,"2,802"
코스닥,유니셈,036200,"9,120",80,0.88,,,"2,797"
코스닥,LB세미콘,061970,"3,985",85,2.18,,,"2,793"
코스닥,제이브이엠,054950,"23,000",-50,-0.22,,,"2,781"
코스닥,티로보틱스,117730,"12,320",-380,-2.99,,,"2,779"
코스닥,삼양엔씨켐,482630,"12,690",520,4.27,,,"2,778"
코스닥,한양디지텍,078350,"18,060",810,4.70,,,"2,753"
코스닥,KG이니시스,035600,"9,990",-60,-0.60,,,"2,753"
코스닥,덕산테코피아,317330,"13,390",140,1.06,,,"2,742"
코스닥,한라IMS,092460,"16,050",10,0.06,,,"2,746"
코스닥,에스비비테크,389500,"41,200",-50,-0.12,,,"2,745"
코스닥,한텍,098070,"24,700",550,2.28,,,"2,747"
코스닥,삼양컴텍,484590,"6,580",-30,-0.45,,,"2,712"
코스닥,드림시큐리티,203650,"2,665",-135,-4.82,,,"2,710"
코스닥,에이팩트,200470,"6,180",30,0.49,,,"2,708"
코스닥,아이씨티케이,456010,"18,540",80,0.43,,,"2,689"
코스닥,에코아이,448280,"9,080",-220,-2.37,,,"2,691"
코스닥,아이티켐,309710,"21,000",0,0.00,,,"2,684"
코스닥,진성티이씨,036890,"12,180",-10,-0.08,,,"2,684"
코스닥,KG에코솔루션,151860,"5,610",-50,-0.88,,,"2,671"
코스닥,한스바이오메드,042520,"18,630",-270,-1.43,,,"2,657"
코스닥,엔케이젠바이오텍코리아,182400,"3,670",0,0.00,,,"2,655"
코스닥,파트론,091700,"5,290",-40,-0.75,,,"2,645"
코스닥,제테마,216080,"7,020",-170,-2.36,,,"2,618"
코스닥,메가터치,446540,"9,000",340,3.93,,,"2,617"
코스닥,CJ프레시웨이,051500,"22,000",-700,-3.08,,,"2,612"
코스닥,바텍,043150,"17,570",10,0.06,,,"2,610"
코스닥,매일유업,267980,"34,000",-350,-1.02,,,"2,606"
코스닥,리파인,377450,"15,000",750,5.26,,,"2,600"
코스닥,헥토파이낸셜,234340,"18,580","-3,420",-15.55,,,"2,596"
코스닥,마녀공장,439090,"15,850",-550,-3.35,,,"2,598"
코스닥,KH바텍,060720,"10,870",30,0.28,,,"2,574"
코스닥,비덴트,121800,"3,320",0,0.00,,,"2,563"
코스닥,필에너지,378340,"11,720",260,2.27,,,"2,537"
코스닥,큐에이드,377460,"4,080",0,0.00,,,"2,532"
코스닥,채비,0011T0,"5,380",0,0.00,,,"2,526"
코스닥,싸이맥스,160980,"23,100","1,350",6.21,,,"2,524"
코스닥,아스트,067390,"5,990",170,2.92,,,"2,523"
코스닥,삼미금속,012210,"10,940",-700,-6.01,,,"2,522"
코스닥,유진기업,023410,"3,235",30,0.94,,,"2,501"
코스닥,지노믹트리,228760,"10,050",-80,-0.79,,,"2,498"
코스닥,에스바이오메딕스,304360,"20,100",-550,-2.66,,,"2,489"
코스닥,한선엔지니어링,452280,"12,930","2,240",20.95,,,"2,489"
코스닥,인투셀,287840,"16,450",10,0.06,,,"2,471"
코스닥,아이스크림미디어,461300,"18,460",-640,-3.35,,,"2,461"
코스닥,쿠콘,294570,"24,300","-4,850",-16.64,,,"2,452"
코스닥,디지털대성,068930,"8,840",0,0.00,,,"2,447"
코스닥,HEM파마,376270,"33,850",250,0.74,,,"2,444"
코스닥,유니테스트,086390,"11,560",940,8.85,,,"2,443"
코스닥,넥스트바이오메디컬,389650,"29,250",-900,-2.99,,,"2,421"
코스닥,KBI메탈,024840,"5,610",250,4.66,,,"2,429"
코스닥,휴온스,243070,"20,100",-50,-0.25,,,"2,408"
코스닥,케이티알파,036030,"4,905",90,1.87,,,"2,404"
코스닥,세보엠이씨,011560,"23,800",0,0.00,,,"2,400"
코스닥,LIG아큐버,073490,"31,450","1,850",6.25,,,"2,391"
코스닥,아이엠바이오로직스,493280,"16,100",-200,-1.23,,,"2,389"
코스닥,바이오니아,064550,"9,210",-650,-6.59,,,"2,377"
코스닥,상아프론테크,089980,"14,890",110,0.74,,,"2,381"
코스닥,케이프,064820,"7,690",-100,-1.28,,,"2,373"
코스닥,셀바스AI,108860,"8,690",-140,-1.59,,,"2,339"
코스닥,대명에너지,389260,"13,020",30,0.23,,,"2,333"
코스닥,서호전기,065710,"45,200",-300,-0.66,,,"2,328"
코스닥,베뉴지,019010,"4,825",-55,-1.13,,,"2,326"
코스닥,슈어소프트테크,298830,"4,325",25,0.58,,,"2,312"
코스닥,DXVX,180400,"2,350",-15,-0.63,,,"2,313"
코스닥,비츠로테크,042370,"8,810",330,3.89,,,"2,308"
코스닥,나무가,190510,"16,350","1,380",9.22,,,"2,303"
코스닥,피에이치에이,043370,"10,960",-40,-0.36,,,"2,302"
코스닥,대아티아이,045390,"3,250",-5,-0.15,,,"2,290"
코스닥,콜마비앤에이치,200130,"7,920",-70,-0.88,,,"2,279"
코스닥,뷰웍스,100120,"25,400",550,2.21,,,"2,279"
코스닥,강원에너지,114190,"8,680",-30,-0.34,,,"2,267"
코스닥,골프존,215000,"35,750",200,0.56,,,"2,243"
코스닥,지씨셀,144510,"14,170",150,1.07,,,"2,239"
코스닥,알멕,354320,"34,750","-3,950",-10.21,,,"2,221"
코스닥,에스엔시스,0008Z0,"23,450",-300,-1.26,,,"2,213"
코스닥,한국캐피탈,023760,"1,402",-25,-1.75,,,"2,212"
코스닥,범한퓨얼셀,382900,"25,200",100,0.40,,,"2,208"
코스닥,칩스앤미디어,094360,"10,290",-210,-2.00,,,"2,197"
코스닥,덕양에너젠,0001A0,"8,600",20,0.23,,,"2,190"
코스닥,클리오,237880,"12,100",-210,-1.71,,,"2,187"
코스닥,티이엠씨,425040,"9,950",810,8.86,,,"2,181"
코스닥,JTC,950170,"4,470",170,3.95,,,"2,180"
코스닥,신흥에스이씨,243840,"5,650",30,0.53,,,"2,179"
코스닥,에이직랜드,445090,"19,890",40,0.20,,,"2,173"
코스닥,삼목에스폼,018310,"14,740",390,2.72,,,"2,167"
코스닥,HLB제약,047920,"6,580",-120,-1.79,,,"2,158"
코스닥,신성에스티,416180,"23,800",-400,-1.65,,,"2,151"
코스닥,미래반도체,254490,"14,890",40,0.27,,,"2,150"
코스닥,심텍홀딩스,036710,"4,020",120,3.08,,,"2,124"
코스닥,에이유브랜즈,481070,"14,950",-210,-1.39,,,"2,142"
코스닥,한국정보인증,053300,"5,400",-100,-1.82,,,"2,137"
코스닥,아리바이오홀딩스,290690,"3,995",-100,-2.44,,,"2,120"
코스닥,오픈엣지테크놀로지,394280,"8,020",40,0.50,,,"2,113"
코스닥,씨메스로보틱스,475400,"17,850",-810,-4.34,,,"2,108"
코스닥,케이엔알시스템,199430,"18,800",-770,-3.93,,,"2,105"
코스닥,흥구석유,024060,"13,990",-990,-6.61,,,"2,099"
코스닥,DSC인베스트먼트,241520,"7,890",80,1.02,,,"2,099"
코스닥,대원산업,005710,"10,470",-30,-0.29,,,"2,098"
코스닥,대화제약,067080,"11,250",-40,-0.35,,,"2,094"
코스닥,이노스페이스,462350,"6,170",270,4.58,,,"2,090"
코스닥,나우로보틱스,459510,"16,020",-260,-1.60,,,"2,079"
코스닥,옵티코어,380540,"8,450",0,0.00,,,"2,067"
코스닥,코메론,049430,"22,800",400,1.79,,,"2,063"
코스닥,바이넥스,053030,"6,310",-70,-1.10,,,"2,062"
코스닥,큐라클,365270,"9,290",-70,-0.75,,,"2,058"
코스닥,금화피에스시,036190,"34,250",300,0.88,,,"2,055"
코스닥,티씨머티리얼즈,125020,"5,850",70,1.21,,,"2,050"
코스닥,이지바이오,353810,"6,160",140,2.33,,,"2,038"
코스닥,바디텍메드,206640,"9,300",-130,-1.38,,,"2,037"
코스닥,미래나노텍,095500,"6,560",-60,-0.91,,,"2,034"
코스닥,세나테크놀로지,061090,"37,200",300,0.81,,,"2,034"
코스닥,오리엔탈정공,014940,"4,455",-50,-1.11,,,"2,030"
